seller_id,seller_state,total_orders,total_revenue,avg_review_score,late_rate_pct
001cca7ae9ae17fb1caed9dfb1094831,ES,195,24487.03,3.97,6.67
002100f778ceb8431b7a1020ff7ab48f,SP,50,1236.5,4.04,18.0
004c9cd9d87a3c30c522c48c4fc07416,SP,156,20324.2,4.15,8.33
00ee68308b45bc5e2660cd833c3f81cc,SP,135,20345.0,4.33,8.89
00fc707aaaad2d31347cf883cd2dfe10,PR,103,13409.9,3.74,4.85
01cf7e3d21494c41fb86034f2e714fa1,PR,59,9439.56,4.19,5.08
01fdefa7697d26ad920e9e0346d4bd1b,PR,128,14802.53,4.37,6.25
0241d4d5d36f10f80c644447315af0bd,PR,238,31561.5,4.28,5.88
04308b1ee57b6625f47df1d56f00eedf,SC,92,58991.8,3.95,11.96
0432ead42b6c8a0bdf68154add917fdf,SP,82,7574.4,4.55,3.66
048c2757535328e0d7dac690ad3c0aae,SP,50,9065.08,4.24,14.0
0509040ea3fe50071181bbc359eb7738,MG,87,3689.35,4.49,6.9
056b4ada5bbc2c50cc7842547dda6b51,RJ,64,12203.4,4.16,10.94
058fd0aa2bfdb2274e05e1ae971dabb6,SP,60,7631.9,4.38,6.67
05d2173d43ea568aa0540eba70d2ca76,MG,62,5759.66,4.0,6.45
05f51e13da97139648b8125c31e5f51b,MG,57,13100.31,4.25,15.79
05ff92fedb5be47920fea08e501238b9,RS,57,21853.98,4.24,5.26
062ce95fa2ad4dfaedfc79260130565f,RS,54,7479.1,4.02,3.7
06579cb253ecd5a3a12a9e6eb6bf8f47,SP,61,4587.4,3.84,13.11
066a6914e1ebf3ea95a216c73a986b91,PR,66,8956.38,3.97,3.03
06a2c3af7b3aee5d69171b0e14f0ee87,MA,389,36220.97,4.03,23.14
06e5eefc71ec47ae763c5c6f8db7064f,RS,90,21648.67,3.96,2.22
080102cd0a76b09e0dcf55fcacc60e05,MG,122,5612.65,4.53,4.1
080199a181c46c657dc5aa235411be3b,SP,79,14504.2,4.61,2.53
08633c14ef2db992c11f840f04fad4cd,SP,74,7644.3,4.24,6.76
09f952a5f58d2285b0372551ae8f9b01,SP,50,11821.5,3.88,6.0
0adac9fbd9a2b63cccaac4f8756c1ca8,SP,106,15566.5,4.01,6.6
0b35c634521043bf4b47e21547b99ab5,PR,50,13235.65,3.53,16.0
0b90b6df587eb83608a64ea8b390cf07,PR,163,29075.68,4.03,3.68
0bae85eb84b9fb3bd773911e89288d54,SP,136,7433.56,4.23,0.74
0be8ff43f22e456b4e0371b2245e4d01,SP,156,11336.0,3.97,6.41
0c7533c71df861ec58ad7ff999ed0e8d,SP,61,3043.2,4.04,4.92
0c8380b62e38e8a1e6adbeba7eb9688c,MG,180,17438.79,4.07,5.56
0d85bbda9889ce1f7e63778d24f346eb,MG,51,4845.2,4.21,11.76
0db783cfcd3b73998abc6e10e59a102f,SP,132,9077.4,4.21,3.79
0dd184061fb0eaa7ca37932c68ab91c5,SP,161,18446.92,3.95,11.8
0df3984f9dfb3d49ac6366acbd3bbb85,MG,86,9891.49,4.34,1.16
0ea22c1cfbdc755f86b9b54b39c16043,MG,234,10826.3,4.35,1.71
1025f0e2d44d7041d6cf58b6550e0bfa,SP,910,139720.16,3.87,10.11
1127b7f2594683f2510f1c2c834a486b,SP,110,6703.7,4.19,2.73
116ccb1a1604bc88e4d234a8c23f33de,SP,61,2004.89,4.6,6.56
11bfa66332777660bd0640ee84d47006,SP,76,4146.86,3.78,15.79
128639473a139ac0f3e5f5ade55873a5,PR,527,11795.85,4.2,6.26
12b9676b00f60f3b700e83af21824c0e,RS,133,26575.0,4.53,1.5
1336efc61c316ddf92c899eb817f7cae,SP,74,4837.31,3.94,9.46
1554a68530182680ad5c8b042c3ab563,MG,246,29164.43,4.27,6.91
16090f2ca825584b5a147ab24aa30c86,SP,398,25579.16,4.07,10.8
165fc07beebdcb6190fba8a06db2a449,PR,50,17481.4,3.69,12.0
17a053fcb14bd219540cbde0df490be0,SP,124,40753.14,4.23,8.06
17ca9b9e9b9ef8fdb529001b49ebb50f,MG,115,9719.83,4.04,2.61
17e34d8224d27a541263c4c64b11a56b,SP,247,54440.28,4.2,8.5
17f51e7198701186712e53a39c564617,SP,56,48019.0,4.34,8.93
1835b56ce799e6a4dc4eddc053f04066,SP,417,33211.72,3.62,11.75
1838dd9b8977065acf51d95e0053ea7a,MG,62,2750.5,4.34,4.84
18a349e75d307f4b4cc646a691ed4216,SP,109,7425.21,3.52,6.42
1900267e848ceeba8fa32d80c1a5f5a8,SP,406,24824.46,3.88,10.34
1a3df491d1c4f1589fc2b934ada68bf2,SC,160,22693.2,4.24,5.63
1b4c3a6f53068f0b6944d2d005c9fc89,SC,111,14469.5,4.15,6.31
1b8356dabde1d35e17cef975c3f82730,SP,55,3366.4,4.13,1.82
1bb2bdb95f4841f1bba2c0d2cd83d3c9,SP,79,4930.73,4.58,7.59
1c129092bf23f28a5930387c980c0dfc,SP,200,9528.62,4.18,5.5
1c68394e931a64f90ea236c5ea590300,PR,142,26133.56,3.94,3.52
1ca7077d890b907f89be8c954a02686a,SP,108,12474.64,2.27,22.22
1d8dbc4f32378d715c717c1c1fc57bae,PR,91,11205.99,3.93,9.89
1da3aeb70d7989d1e6d9b0e887f97c23,SP,261,8717.54,4.07,5.75
1e8b33f18b4f7598d87f5cbee2282cc2,SP,122,17233.56,4.31,4.92
1eade46fba20122dc4aefb379f8c636b,SP,58,3635.37,4.31,13.79
1f50f920176fa81dab994f9023523100,SP,1399,107147.91,3.99,10.58
1f9ab4708f3056ede07124aad39a2554,SP,76,13312.93,4.11,5.26
2138ccb85b11a4ec1e37afbd1c8eda1f,SP,388,12108.21,3.92,5.41
213b25e6f54661939f11710a6fddb871,SP,152,15225.8,3.83,8.55
218d46b86c1881d022bce9c68a7d4b15,SP,382,53950.3,4.17,9.42
229c3efbfb0ea2058de4ccdfbc3d784a,MG,118,15479.0,3.64,1.69
23613d49c3ac2bd302259e55c06c050c,SP,69,4193.1,3.69,14.49
23d7c96d4a1160db1c726b248601b25a,SP,50,10868.14,3.92,12.0
2528513dd95219a6013d4d05176e391a,SP,160,32660.2,3.96,5.0
259f7b5e6e482c230e5bfaa670b6bb8f,SP,136,8429.13,4.27,2.21
25c5c91f63607446a97b143d2d535d31,MG,156,54951.52,3.72,7.05
25cf099de44674fde97473224f9d59ab,SP,50,1654.36,4.33,4.0
25e6ffe976bd75618accfe16cefcbd0d,SP,106,11552.62,4.42,5.66
282f23a9769b2690c5dda22e316f9941,MG,98,6464.28,4.33,5.1
289cdb325fb7e7f891c38608bf9e0962,SP,109,13410.55,4.59,1.83
2a261b5b644fa05f4f2700eb93544f2c,SP,51,5405.0,3.34,19.61
2a7dc43cecabf23403078e2188437d1d,SP,52,4795.91,4.09,7.69
2a84855fd20af891be03bc5924d2b453,MG,155,14989.0,4.36,3.23
2b3e4a2a3ea8e01938cabda2a3e5cc79,SP,52,23629.15,4.39,0.0
2c9e548be18521d1c43cde1c582c6de8,SP,124,6013.56,3.95,16.13
2dee2ce60de9709b1a24083217181a1f,MT,54,7784.5,4.36,1.85
2e1c9f22be269ef4643f826c9e650a52,SP,161,12260.23,4.24,6.83
2e90cb1677d35cfe24eef47d441b7c87,SP,127,13894.71,4.04,13.39
2eb70248d66e0e3ef83659f71b244378,SP,187,39115.62,2.81,13.9
2ff97219cb8622eaf3cd89b7d9c09824,SP,87,4339.1,4.55,5.75
3078096983cf766a32a06257648502d1,SP,56,7910.84,4.3,5.36
30a2f535bb48308f991d0b9ad4a8c4bb,SP,71,4781.2,4.26,2.82
318f287a62ab7ac10b703ac37435a231,SP,51,2432.48,3.92,9.8
33a6f4b1e7cdc205511e76ba1b6e0186,SP,105,10295.01,4.36,1.9
34056b8b55c1775a22af2331670a799c,SP,77,6398.7,4.04,11.69
3504c0cb71d7fa48d967e0e4c94d59d9,SP,53,2349.94,4.42,0.0
36a968b544695394e4e9d7572688598f,SP,148,6999.37,3.73,4.73
37515688008a7a40ac93e3b2e4ab203f,SP,227,5954.1,4.09,10.13
376a891762bbdecbc02b4b6adec3fdda,GO,57,6406.23,4.67,3.51
37be5a7c751166fbc5f8ccba4119e043,SP,269,55525.54,4.31,2.6
391fc6631aebcf3004804e51b40bcf1e,SP,521,40067.23,3.97,10.36
3b15288545f8928d3e65a8f949a28291,SP,101,14084.79,3.91,6.93
3bdff180c7e1f6551a643b99c265a120,SP,56,3008.2,4.18,5.36
3be634553519fb6536a03e1358e9fdc7,SP,80,5290.92,4.0,8.75
3c7c4a49ec3c6550809089c6a2ca9370,SP,139,4102.65,3.72,7.91
3d871de0142ce09b7081e2b9d1733cb1,SP,1064,93456.4,4.15,5.92
3db66a856d18a9cba7c9241fc5221c50,MG,94,9618.1,4.17,11.7
3df020b72d3d44b3af9d110fa3940b65,SP,55,5039.9,3.95,12.73
41b39e28db005d9731d9d485a83b4c38,SP,187,16741.05,4.23,6.42
42b729f859728f5079499127a9c2ef37,SP,103,4096.96,4.36,7.77
431af27f296bc6519d890aa5a05fdb11,SP,116,13014.5,3.81,15.52
4371b634e0efc0e22b09b52907d9d469,SP,101,8168.0,4.44,7.92
44073f8b7e41514de3b7815dd0237f4f,DF,142,18380.64,3.75,3.52
440dd6ab244315c632130ecfb63827b1,SP,91,13089.0,3.89,13.19
45d33f715e24d15a6ccf5c17b3a23e3c,SP,56,4518.49,4.17,7.14
46dc3b2cc0980fb8ec44634e21d2718e,RJ,503,122811.38,4.26,6.56
48162d548f5b1b11b9d29d1e01f75a61,SP,66,20109.39,3.82,3.03
4830e40640734fc1c52cd21127c341d4,SP,204,9550.48,4.19,6.86
48436dade18ac8b2bce089ec2a041202,SP,134,11821.11,4.13,7.46
4869f7a5dfa277a7dca6462dcf3b52b2,SP,1124,226987.93,4.14,11.57
4992e76a42cb3aad7a7047e0d3d7e729,SP,56,2171.2,3.88,7.14
4a3ca9315b744ce9f8e9374361493884,SP,1772,199408.32,3.83,11.0
4a3ccda38b2129705f3fb522db62ca31,SP,64,16730.99,3.81,9.38
4b9750c8ad28220fe6702d4ecb7c898f,SP,217,15815.4,4.35,7.83
4c18691b6037662be2df78a765d98ab5,SP,63,3195.52,3.84,7.94
4c2b230173bb36f9b240f2b8ac11786e,SP,258,14520.47,3.76,10.08
4d6d651bd7684af3fffabd5f08d12e5a,SP,363,43317.9,4.21,4.68
4e17c65a516f69d023a2ae78b84f28d6,SP,61,7639.26,4.08,6.56
4e7c18b98d84e05cbae3ff0ff03846c2,SP,81,9445.9,4.18,4.94
4e922959ae960d389249c378d1c939f5,SP,412,45338.42,3.9,10.68
5058e8c1e82653974541e83690655b4a,SP,62,9812.83,3.08,12.9
50c9975695009e5e6473912e83a6d1da,MG,50,3964.4,3.99,14.0
516e7738bd8f735ac19a010ee5450d8d,RJ,74,6463.19,4.61,5.41
520b493b57809f446cb0a233bb3e25c7,SP,63,3713.9,4.38,3.17
522620dcb18a6b31cd7bdf73665113a9,PR,172,56690.49,3.91,10.47
527801b552d0077ffd170872eb49683b,SP,90,17942.8,4.48,10.0
530ec6109d11eaaf87999465c6afee01,PR,94,12682.11,4.32,1.06
53243585a1d6dc2643021fd1853d8905,BA,348,217940.44,4.13,4.31
5343d0649eca2a983820bfe93fc4d17e,SP,70,9819.02,3.64,10.0
537eb890efff034a88679788b647c564,RJ,158,4647.8,4.18,5.7
53e4c6e0f4312d4d2107a8c9cddf45cd,SP,463,29750.37,4.09,5.4
54965bbe3e4f07ae045b90b0b8541f52,PR,73,10351.7,3.07,30.14
54a1852d1b8f10312c55e906355666ee,SP,198,17116.45,4.37,9.6
562fc2f2c2863ab7e79a9e4388a58a14,SP,255,8659.25,4.25,3.53
5656537e588803a555b8eb41f07a944b,DF,171,7952.15,3.82,7.6
57e632711dec9ec14ca7546769483e7e,SC,62,6439.96,4.42,0.0
582d4f8675b945722eda7c0cb61ba4c7,SP,59,4702.96,4.11,1.69
59b22a78efb79a4797979612b885db36,MG,125,27184.5,3.97,12.8
59fb871bf6f4522a87ba567b42dafecf,SP,123,21308.59,4.26,6.5
5a8e7d5003a1f221f9e1d6e411de7c23,SP,137,11042.1,4.19,5.84
5b925e1d006e9476d738aa200751b73b,SP,63,8315.5,4.61,6.35
5c243662ce92d84573bfaff24c3e3700,SP,98,33329.02,4.13,3.06
5cf13accae3222c70a9cac40818ae839,MG,148,14293.3,4.46,3.38
5d0363b33554b373851fc1622e4d5f3c,SP,93,6548.79,4.09,8.6
5dceca129747e92ff8ef7a997dc4f8ca,SP,322,111126.73,4.02,6.21
5f1dc28029d2c244352a68107ec2b542,SP,62,2807.3,4.43,6.45
5f2684dab12e59f83bef73ae57724e45,SP,67,8870.97,3.75,5.97
6039e27294dc75811c0d8a39069f52c0,SP,63,13630.7,3.88,22.22
609e1a9a6c2539919b8205cf7c4e6ff0,SC,87,6595.23,3.6,2.3
612170e34b97004b3ba37eae81836b4c,RS,107,23065.02,4.43,1.87
620c87c171fb2a6dd6e8bb4dec959fc6,RJ,722,112970.9,4.27,9.97
624f4ece8da4aafb77699233d480f8ef,SP,52,9046.0,4.19,7.69
634964b17796e64304cadf1ad3050fb7,RJ,265,39114.1,3.87,10.19
640e21a7d01df7614a3b4923e990d40c,SP,115,7528.89,4.29,6.96
643214e62b870443ccbe55ab29a4dccf,SP,65,3229.23,4.41,12.31
6560211a19b47992c3666cc44a7e94c0,SP,1819,120983.82,3.95,6.43
66922902710d126a0e7d26b0e3805106,MG,150,14267.3,4.47,7.33
669ae81880e08f269a64487cfb287169,SC,161,13263.87,4.12,4.35
670c26e0f1bf8d0576271d5cfaec6d2b,PR,77,6250.1,4.35,5.19
6860153b69cc696d5dcfe1cdaaafcf62,SP,74,3827.63,4.16,9.46
688756f717c462a206ad854c5027a64a,SP,81,5956.66,3.78,8.64
6973a06f484aacf400ece213dbf3d946,SP,89,10593.1,3.67,16.85
6a8b085f816a1f75f92dbac6eb545f8f,SP,125,5945.67,4.16,9.6
6b243f80ed07b10f0e8aa0f21a205f3c,PR,79,6260.1,4.02,3.8
6c177e38df6d3f34182b1f1d427231bf,PR,53,8112.89,4.15,3.77
6c7d50c24b3ccd2fd83b44d8bb34e073,SP,112,8445.96,4.44,1.79
6cd68b3ed6d59aaa9fece558ad360c0a,MG,149,11188.57,4.45,2.01
6d66611d7c44cc30ce351abc49a68421,SP,164,13428.6,3.93,6.1
6d803cb79cc31c41c4c789a75933b3c7,SP,58,8886.3,4.28,6.9
6edacfd9f9074789dad6d62ba7950b9c,SP,205,13016.3,4.39,5.85
6fd52c528dcb38be2eea044946b811f8,SP,67,7743.02,3.5,13.43
7008613ea464bad5cb9b83456e1e6a8f,SC,123,7538.7,4.29,4.88
701938c450705b8ae65fc923b70f35c7,SP,74,11879.29,3.75,6.76
7040e82f899a04d1b434b795a43b4617,SP,208,9213.7,3.59,9.62
709e16e2b25c7474d980076c6bfc4806,SP,60,5151.9,4.53,3.33
70a12e78e608ac31179aea7f8422044b,SP,312,29963.53,3.79,10.9
70c27847eca8195c983ed7e798c56743,RJ,77,12077.52,4.2,9.09
70eea00b476a314817cefde4aad4f89a,SP,106,31634.65,4.38,7.55
710e3548e02bc1d2831dfc4f1b5b14d4,PR,131,22369.25,3.46,4.58
712e6ed8aa4aa1fa65dab41fed5737e4,SC,77,39477.0,3.47,22.08
7142540dd4c91e2237acb7e911c4eba2,SP,316,37356.74,4.06,8.23
715bbd5ba4e6b74cb0d2f29eb45058b0,SP,62,4043.3,4.47,8.06
7178f9f4dd81dcef02f62acdf8151e01,SC,202,36825.2,4.05,4.95
7202e2ba20579a9bd1acb29e61fe71f6,SP,51,12085.7,3.94,5.88
725c32fa80c2faacc4fc88450d27314e,SP,89,7838.88,4.54,1.12
7299e27ed73d2ad986de7f7c77d919fa,MG,335,34107.44,4.43,4.78
729f06993dac8e860d4f02d7088ca48a,SP,94,19885.18,4.33,11.7
744dac408745240a2c2528fb1b6028f3,PR,78,22322.6,4.55,1.28
750303a20e9c56b2a6bc45cdce0b897d,GO,53,7876.0,4.34,3.77
751bdc4d83a466c7206cd42e8f426b03,SP,51,6592.94,3.63,1.96
75d34ebb1bd0bd7dde40dd507b8169c3,BA,57,12656.33,3.99,15.79
7681ef142fd2c19048da7430856b5588,SP,58,31287.81,4.17,13.79
76d5af76d0271110f9af36c92573f765,SP,128,31944.6,4.1,9.38
76d64c4aca3a7baf218bf93ef7fa768d,PR,64,17181.7,4.13,3.13
7722b1df1b0e383e000397b2c11e3e19,SP,133,7046.6,4.22,3.01
77530e9772f57a62c906e1c21538ab82,PR,312,46222.6,4.09,11.54
79ebd9a61bac3eaf882805ed4ecfa12a,PR,133,14987.89,4.02,6.02
7a241947449cc45dbfda4f9d0798d9d0,MG,56,7434.66,3.78,7.14
7a67c85e85bb2ce8582c35f2203ad736,SP,1145,140238.65,4.27,5.94
7aa4334be125fcdd2ba64b3180029f14,SP,214,16012.95,4.08,13.55
7ad32824caee82087b3e2e5f33b1bf32,SP,147,22018.1,3.79,14.29
7b07b3c7487f0ea825fc6df75abd658b,SP,91,9259.47,4.4,4.4
7c67e1448b00f6e969d365cea6b010ab,SP,973,188063.83,3.35,10.07
7d13fca15225358621be4086e1eb0964,SP,558,112436.18,4.02,12.19
7d456afc660226829370f3173d14520c,SP,55,8456.25,4.27,5.45
7d76b645482be4a332374e8223836592,SP,172,3765.74,3.97,11.63
7ddcbb64b5bc1ef36ca8c151f6ec77df,SP,325,54630.65,3.97,8.62
7e1fb0a3ebfb01ffb3a7dae98bf3238d,SP,155,26169.53,4.16,12.9
7e3f87d16fb353f408d467e74fbd8014,SP,91,4653.09,4.16,12.09
7e93a43ef30c4f03f38b393420bc753a,SP,319,165981.49,4.36,5.64
7ea5bfa6c340f58f8e71fc1f0412b0d6,MG,96,10838.41,4.14,7.29
80e6699fe29150b372a0c8a1ebf7dcc8,PR,96,11119.66,4.35,4.17
813348c996469b40f2e028d5429d3495,SP,172,10813.53,4.01,5.23
8160255418d5aaa7dbdc9f4c64ebda44,SP,380,46648.09,3.86,16.58
81a1104df0f08b59c68aa5b03cfe398e,PR,72,9320.98,4.31,5.56
822166ed1e47908f7cfb49946d03c726,RJ,69,3752.31,3.94,1.45
827f8f69dfa529c561901c4f2e0f332f,PR,91,3438.29,4.25,9.89
834f3294fba9f932f56edc879193f925,SP,66,39907.5,4.55,6.06
8444e55c1f13cd5c179851e5ca5ebd00,MG,92,21480.96,3.16,6.52
850f4f8af5ea87287ac68de36e29107f,SP,186,45285.37,4.29,6.45
855668e0971d4dfd7bef1b6a4133b41b,SP,300,30899.22,3.84,14.0
8581055ce74af1daba164fdbd55a40de,SP,379,64802.37,4.26,10.03
85d9eb9ddc5d00ca9336a2219c97bb13,MG,499,15198.94,4.21,3.61
8648b1e89e9b349e32d3741b30ec737e,SP,93,7427.65,4.13,10.75
86ccac0b835037332a596a33b6949ee1,SC,178,15949.11,4.03,3.37
87142160b41353c4e5fca2360caf6f92,RS,305,31410.98,4.37,5.57
88460e8ebdecbfecb5f9601833981930,PR,246,32184.5,3.37,19.51
891071be6ba827b591264c90c2ae8a63,SP,85,3793.34,3.87,17.65
897060da8b9a21f655304d50fd935913,SP,304,22339.36,3.47,11.84
8a130737016f838139d31878787a39c9,SP,56,4222.03,4.35,7.14
8a32e327fe2c1b3511609d81aaf9f042,SP,126,6139.1,3.95,3.17
8a432f4e5b471f8da497d7dc517666e2,SP,95,7555.0,4.2,5.26
8ae520247981aa06bc94abddf5f46d34,SC,65,16320.99,4.45,1.54
8b28d096634035667e8263d57ba3368c,SP,139,9025.3,3.9,11.51
8b321bb669392f5163d04c59e235e066,SP,930,17262.94,4.02,10.43
8bb48dc19fccaa8613b6229bf7f452a2,SP,82,4215.12,4.34,2.44
8c16d1f32a54d92897cc437244442e1b,SC,108,5642.6,4.33,0.93
8cbac7e12637ed9cffa18c7875207478,SC,66,2955.98,4.19,6.06
8d956fec2e4337affcb520f56fd8cbfd,SP,210,11025.13,4.21,10.48
8e6cc767478edae941d9bd9eb778d77a,MG,100,5957.31,4.03,8.0
8e6d7754bc7e0f22c96d255ebda59eba,SP,84,14346.57,3.03,16.67
8e8a7ce9f2f970dc00e2acf6f6e199f6,RJ,63,8956.0,3.98,9.52
8f119a0aee85c0c8fc534629734e94fd,SP,75,3578.88,4.25,5.33
8f2ce03f928b567e3d56181ae20ae952,SP,151,21213.2,4.12,15.23
900ba814c251a692506d7834c1218441,SP,86,28833.03,4.23,13.95
91f848e9f4be368f4318775aac733370,SP,60,5703.6,4.38,3.33
92eb0f42c21942b6552362b9b114707d,SP,334,6416.41,3.96,8.08
94144541854e298c2d976cb893b81343,RS,68,17315.18,4.29,4.41
951e8cef368f09bb3f3d03c00ca4702c,SP,62,3993.31,4.16,8.06
955fee9216a65b617aa5c0531780ce60,SP,1261,131906.71,4.09,7.77
95e03ca3d4146e4011985981aeb959b9,RJ,172,10964.96,4.01,3.49
95f83f51203c626648c875dd41874c7f,MG,50,3077.66,3.22,6.0
9616352088dcf83a7c06637f4ebf1c80,PR,91,5703.0,4.28,0.0
9646c3513289980f17226a2fc4720dbd,SP,69,2964.4,4.34,2.9
96493fab2fbb13a14d0c0e8772eef5c3,SP,63,18969.0,4.03,6.35
966cb4760537b1404caedd472cc610a5,SP,67,46528.25,4.12,2.99
9674754b5a0cb32b638cec001178f799,SP,84,5025.67,4.08,3.57
972d0f9cf61b499a4812cf0bfa3ad3c4,SC,81,7910.42,2.96,11.11
98dac6635aee4995d501a3972e047414,SP,89,4115.75,3.89,8.99
99eaacc9e6046db1c82b163c5f84869f,SP,63,12642.28,4.01,11.11
9b013e03b2ab786505a1d3b5c0756754,SP,170,8714.55,4.06,5.88
9c0e69c7bf2619675bbadf47b43f655a,SP,151,33491.19,4.06,10.6
9d4db00d65d7760644ac0c14edb5fd86,SP,97,9845.71,4.54,4.12
9d5a9018aee56acb367ba9c3f05d1d6a,GO,66,10119.98,4.44,1.52
9de4643a8dbde634fe55621059d92273,SC,72,17560.34,4.53,4.17
9e6229250fedbe05838fef417b74e7fb,SP,73,12962.3,3.9,4.11
9f505651f4a6abe901a56cdc21508025,SP,393,25977.83,4.31,5.09
a1043bafd471dff536d0c462352beb48,MG,702,99309.23,4.25,5.7
a17f621c590ea0fab3d5d883e1630ec6,SP,63,2677.92,4.18,7.94
a3a38f4affed601eb87a97788c949667,SC,251,26294.62,4.4,4.78
a3e9a2c700480d9bb01fba070ba80a0e,SP,129,13740.8,4.02,10.08
a416b6a846a11724393025641d4edd5e,SP,157,24930.24,4.22,12.74
a420f60ff1aa9acc80d0e42959f2b313,SP,67,7443.3,3.93,8.96
a49928bcdf77c55c6d6e05e09a9b4ca5,SP,96,8646.9,2.97,26.04
a5cba26a62b8b4d0145b68b841e62e7f,PR,53,14438.84,4.57,1.89
a673821011d0cec28146ea42f5ab767f,SP,125,13600.79,3.91,11.2
a6fe7de3d16f6149ffe280349a8535a0,SP,50,2844.9,4.06,16.0
a7f13822ceb966b076af67121f87b063,SP,73,12017.69,3.49,6.85
a888faf2d1baececa6baf9c3d603ee1f,PR,53,17564.8,4.11,15.09
aac29b1b99776be73c3049939652091d,MG,94,6654.46,4.01,9.57
aaed1309374718fdd995ee4c58c9dfcd,SC,104,9345.45,4.05,2.88
aafe36600ce604f205b86b5084d3d767,SC,129,9251.4,4.38,4.65
aba1721a889e04decc910aa13b768ef4,SP,83,14103.3,4.46,10.84
ac3508719a1d8f5b7614b798f70af136,RS,101,12446.14,4.64,2.97
aced59e9b31ef866a94f9e7f29d8d418,SP,61,7302.7,4.43,8.2
adbc26658d6c7b4b6219f9d934598091,PR,88,11806.4,4.05,15.91
b14db04aa7881970e83ffa9426897925,SP,78,5595.9,3.8,11.54
b17b679f4f5ce2e03ce6968c62648246,SP,50,3424.18,3.92,18.0
b1a81260566c1bac3114a6d124413f27,RS,51,8684.69,4.22,1.96
b1fc4f64df5a0e8b6913ab38803c57a9,RJ,107,7994.74,3.78,12.15
b2479f944e1b90cf8a5de1bbfde284d6,SP,101,4848.5,3.32,13.86
b2ba3715d723d245138f291a6fe42594,SP,324,49302.18,4.2,8.95
b33e7c55446eabf8fe1a42d037ac7d6d,SP,149,44215.17,4.19,12.75
b372ee768ed69e46ca8cdbd267aa7a38,SP,63,12665.0,4.4,0.0
b499c00f28f4b7069ff6550af8c1348a,SP,147,10192.17,4.23,12.93
b4ffb71f0cb1b1c3d63fad021ecf93e1,SP,143,6759.83,4.04,2.1
b561927807645834b59ef0d16ba55a24,SP,85,4501.99,4.34,14.12
b6d44737c043328708f6749c2dbe50bd,SP,61,5284.6,4.57,6.56
b76dba6c951ab00dc4edf0a1aa88037e,SP,157,2545.31,4.19,3.18
b92e3c8f9738272ff7c59e111e108d7c,MG,62,8350.99,4.07,3.23
ba143b05f0110f0dc71ad71b4466ce92,SP,83,5998.7,4.46,15.66
bbad7e518d7af88a0897397ffdca1979,SP,68,4426.32,3.05,16.18
bd0389da23d89b726abf911cccc54596,DF,87,7472.16,4.2,8.05
bd23da7354813347129d751591d1a6e2,SP,86,9794.5,4.14,4.65
beadbee30901a7f61d031b6b686095ad,SP,64,4373.98,3.94,25.0
bfd27a966d91cfaafdb25d076585f0da,SP,114,19225.0,4.32,5.26
c003204e1ab016dfa150abc119207b24,SP,195,24904.29,4.44,6.67
c31eff8334d6b3047ed34bebd4d62c36,SP,120,12991.61,3.88,14.17
c33847515fa6305ce6feb1e818569f13,SC,114,15519.85,3.72,4.39
c3867b4666c7d76867627c2f7fb22e21,SP,228,34788.9,4.02,11.84
c3cfdc648177fdbbbb35635a37472c53,PR,278,43966.58,4.45,2.52
c6bda72e4dbf5c5866b13cb1810c6d03,SP,59,14169.28,4.38,3.39
c70c1b0d8ca86052f45a432a38b73958,SP,260,36289.15,4.32,8.46
c826c40d7b19f62a09e2d7c5e7295ee2,SP,346,44653.04,4.09,9.54
c864036feaab8c1659f65ea4faebe1da,PR,58,10454.2,4.57,3.45
c8b0e2b0a7095e5d8219575d5e7e1181,SP,84,12170.21,4.05,7.14
c9c7905cffc4ef9ff9f113554423e671,SP,127,10712.18,4.16,10.24
ca3bd7cd9f149df75950150d010fe4a2,SP,68,9253.47,3.79,4.41
cab85505710c7cb9b720bceb52b01cee,SP,201,11239.4,4.34,2.49
cac4c8e7b1ca6252d8f20b2fc1a2e4af,SP,74,4228.18,3.55,22.97
cb8bcce248bb1fb274ba762d8b971456,MG,66,9152.4,4.34,1.52
cbd996ad3c1b7dc71fd0e5f5df9087e2,SP,160,8217.5,4.13,8.75
cc419e0650a3c5ba77189a1882b7556a,SP,1651,103152.56,4.15,6.12
cc63f0dd2acba93ffed4fe9f8e0321fa,SP,55,7096.71,4.05,0.0
cca3071e3e9bb7d12640c9fbe2301306,SP,699,64655.23,3.89,5.87
ccc4bbb5f32a6ab2b7066a4130f114e3,PR,184,72926.72,4.32,7.61
cce6ab8d1682639fe45ab70234f1665f,SP,61,2442.7,4.53,4.92
cd68562d3f44870c08922d380acae552,SP,122,18119.7,3.91,18.03
ce248b21cb2adc36282ede306b7660e5,SC,64,13640.09,4.26,10.94
ce27a3cc3c8cc1ea79d11e561e9bebb6,SP,122,9465.45,4.12,2.46
ce7d1888639e6fb06b2749cbfdac1ff7,MG,78,11793.89,4.11,8.97
ceaec5548eefc6e23e6607c5435102e7,SP,198,51478.18,4.2,6.06
cfb1a033743668a192316f3c6d1d2671,SP,143,13062.04,3.99,11.89
d05ae8f7a5bd1d2a690a44cd079e4e27,RJ,77,13244.0,3.82,9.09
d12c926d74ceff0a90a21184466ce161,SP,76,3923.76,4.11,1.32
d13e50eaa47b4cbe9eb81465865d8cfc,SP,66,7073.05,4.81,21.21
d1c281d3ae149232351cd8c8cc885f0d,SP,214,27444.52,3.83,8.88
d20b021d3efdf267a402c402a48ea64b,SP,86,4002.29,3.71,17.44
d2374cbcbb3ca4ab1086534108cc3ab7,SP,514,22026.69,3.64,5.84
d50d79cb34e38265a8649c383dcffd48,SP,70,13012.42,4.25,7.14
d566c37fa119d5e66c4e9052e83ee4ea,SP,65,5145.7,4.72,3.08
d57e18d5f73c7ccb7f7339b61166898d,SP,61,3187.7,4.44,3.28
d650b663c3b5f6fb392b6326366efa9a,SP,57,18335.9,4.37,7.02
d673a59aac7a70d8b01e6902bf090a11,SP,79,3936.84,3.98,10.13
d6b1ce66b035a475f00c017792ff9769,SP,92,12277.4,4.17,6.52
d91fb3b7d041e83b64a00a3edfb37e4f,SP,524,41272.38,4.14,6.3
d921b68bf747894be13a97ae52b0f386,MG,77,15645.8,4.56,1.3
d94a40fd42351c259927028d163af842,MG,100,13674.8,4.13,4.0
d98eec89afa3380e14463da2aabaea72,RS,168,7008.52,4.29,2.38
d9a84e1403de8da0c3aa531d6d108ba6,SP,53,1385.3,4.62,5.66
d9bd94811c3338dceb4181f3dbc0c73e,SP,54,6911.02,4.82,11.11
da8622b14eb17ae2831f4ac5b9dab84a,SP,1311,162303.67,4.08,7.63
db4350fd57ae30082dec7acbaacc17f9,SP,136,3304.32,4.15,3.68
dbb9b48c841a0e39e21f98e1a6b2ec3e,SP,108,7186.85,4.2,3.7
dbc22125167c298ef99da25668e1011f,MG,394,32938.02,4.27,2.54
dbd66278cbfe1aa1000f90a217ca4695,SP,85,4928.9,4.45,5.88
dc317f341ab0e22f39acbd9dbf9b4a1f,RS,55,18988.4,4.12,5.45
dc4a0fc896dc34b0d5bfec8438291c80,SP,225,24455.58,3.79,6.67
dd2bdf855a9172734fbc3744021ae9b9,MG,105,10866.9,3.82,5.71
dd7ddc04e1b6c2c614352b383efe2d36,SP,121,9148.61,3.78,15.7
de23c3b98a88888289c6f5cc1209054a,SP,161,25933.67,4.31,9.94
de722cd6dad950a92b7d4f82673f8833,PE,337,55126.3,4.17,4.45
dee656f0f566ed1aa85bd137c943f08f,SP,92,6212.08,4.38,5.43
dfa0c4c6229ab200a4a1336b4d7128ff,SC,77,4777.1,4.01,3.9
e067ad2c1c0b48758eb1b5228bcf7a68,SP,54,5042.55,4.13,9.26
e24fc9fcd865784fb25705606fe3dfe7,SP,51,12768.0,4.18,7.84
e26901d5ab434ce92fd9b5c256820a4e,SP,197,11601.5,4.14,2.54
e333046ce6517bd8bb510291d44f0130,SP,68,7268.0,4.39,5.88
e59aa562b9f8076dd550fcddf0e73491,PR,69,30716.3,4.33,10.14
e5a3438891c0bfdb9394643f95273d8e,SP,216,7597.56,3.87,18.52
e5a38146df062edaf55c38afa99e42dc,SP,120,15421.87,3.98,9.17
e62b2d6ac10570a035a30bafcf01d263,SP,62,5340.39,3.83,12.9
e882b2a25a10b9c057cc49695f222c19,RJ,57,52774.27,4.6,0.0
e8b3a3a38279a82f0e5d006d5e5b7d2c,PR,80,11962.3,3.94,5.0
e9779976487b77c6d4ac45f75ec7afe9,SP,645,42327.18,4.21,7.29
e9bc59e7b60fc3063eb2290deda4cced,PR,209,33543.69,4.03,11.0
e9d99831abad74458942f21e16f33f92,SP,130,4922.48,3.91,10.77
ea566164622c6b439516ab18062c42cd,SP,50,10309.42,3.75,22.0
ea8482cd71df3c1969d7b9473ff13abc,SP,1132,36696.76,3.98,10.42
ebd2d60905fb58271facef5596b620d3,SP,82,7713.02,4.24,3.66
ececbfcff9804a2d6b40f589df8eef2b,SP,97,6771.14,4.13,10.31
edb1ef5e36e0c8cd84eb3c9b003e486d,RJ,165,79144.9,4.45,7.88
eeb6de78f79159600292e314a77cbd18,SC,82,43510.84,4.42,3.66
ef0ace09169ac090589d85746e3e036f,RJ,128,16225.3,4.36,8.59
ef506c96320abeedfb894c34db06f478,SP,316,9596.49,3.93,8.54
f0b47fbbc6dee9aafe415a6e33051b3f,SP,67,3766.92,4.26,10.45
f214d28e8d8e3ef068748498ccc2f813,SP,52,2152.43,4.13,7.69
f262cbc1c910c83959f849465454ddd3,SP,189,10199.86,4.12,9.52
f27e33c6d29b5138fa9967bcd445b6d5,SP,93,8888.3,4.09,10.75
f3b80352b986ab4d1057a4b724be19d0,DF,86,9815.1,4.16,0.0
f3da5b2ff499efb8d4a6d371d175d7dd,SP,77,3599.79,3.9,14.29
f45122a9ab94eb4f3f8953578bc0c560,SP,184,21764.68,3.92,7.61
f457c46070d02cadd8a68551231220dd,PR,195,19471.7,3.82,6.15
f46490624488d3ff7ce78613913a7711,SP,80,5690.95,3.57,12.5
f4aba7c0bca51484c30ab7bdc34bcdd1,SP,108,2951.9,3.9,6.48
f5a590cf36251cf1162ea35bef76fe84,SP,113,51232.78,4.28,10.62
f7720c4fa8e3aba4546301ab80ea1f1b,PR,59,2075.45,4.23,5.08
f7ba60f8c3f99e7ee4042fdef03b70c4,SP,218,68455.0,4.23,15.6
f7ccf836d21b2fb1de37564105216cc1,SP,69,2748.4,3.86,10.14
f80edd2c5aaa505cc4b0a3b219abf4b8,SP,116,8855.5,4.14,5.17
f84a00e60c73a49e7e851c9bdca3a5bb,RJ,88,5849.24,3.72,11.36
f84fa566034f5e8e880a07ec624c56af,SP,89,5053.81,4.31,13.48
f8db351d8c4c4c22c6835c19a46f01b0,SP,659,50183.4,4.25,5.16
fa1a9dec3a9940c072684a46728bf1fc,SC,55,6674.0,3.98,0.0
fa1c13f2614d7b5c4749cbc52fecda94,SP,578,190917.14,4.37,10.21
fa40cc5b934574b62717c68f3d678b6d,SP,304,15945.38,4.44,6.25
fc906263ca5083d09dce42fe02247800,MG,112,4457.8,4.38,0.0
fcb5ace8bcc92f75707dc0f01a27d269,SP,59,8036.45,3.91,3.39
fd386aa7bed2af3c7035c65506c9b4a3,SP,69,2304.15,4.36,10.14
fe2032dab1a61af8794248c8196565c9,SP,293,65689.71,4.4,8.87
febab0275244b9a49a623f0bd613ca2f,SP,106,7094.82,4.32,4.72
ff063b022a9a0aab91bad2c9088760b7,SP,94,12076.5,4.28,3.19
fffd5413c0700ac820c7069d66d98c89,SP,57,8535.0,3.91,14.04
